	Sample ID	Barcode
0		
1	CAT_01_01_CAT_52	GTATCGTCGT
2	CAT_01_02_CAT_76	GTGTATGCGT
3	CAT_01_03_CAT_25	TGCTCGTAGT
4	CAT_02_01_CAT_53	GTCGTCGTCT
5	CAT_02_02_CAT_72	GTGCGTGTGT
6	CAT_02_03_CAT_26	GCGTCGTGTA
7	CAT_03_01_CAT_83	GTCGTGTACT
8	CAT_03_02_CAT_21	GATGTAGCGT
9	CAT_03_03_CAT_57	GAGTGATCGT
10	CAT_04_01_CAT_61	CGCTATCAGT
11	CAT_04_03_CAT_47	CGCTGTAGTC
12	CAT_05_01_CAT_75	GCTAGTGAGT
13	CAT_05_02_CAT_18	GAGCTAGTGA
14	CAT_05_03_CAT_39	CGTGCTGTCA
15	CAT_06_01_CAT_104	GATCGTCTCT
16	CAT_07_01_CAT_28	GTGCTGTCGT
17	CAT_07_02_CAT_73	TGAGCGTGCT
18	CAT_07_03_CAT_51	CATGTCGTCA
19	CAT_08_01_CAT_68	TCAGTGTCTC
20	CAT_08_02_CAT_70	GTGCTCATGT
21	CAT_08_03_CAT_67	CGTATCTCGA
22	CAT_09_01_CAT_22	GTCATGCGTC
23	CAT_09_02_CAT_84	CTATGCGATC
24	CAT_09_03_CAT_107	TGCTATGCTG
25	CAT_10_01_CAT_40	TGTGTGCATG
26	CAT_10_02_CAT_96	GAGTGTCACT
27	CAT_10_03_CAT_91	CTAGTCTCGT
28	CAT_11_01_CAT_13	GAGTGCATCT
29	CAT_11_02_CAT_86	TGCGTAGTCG
30	CAT_11_03_CAT_14	CTGTGTCGTC
31	CAT_12_01_CAT_66	CTGTAGTGCG
32	CAT_12_02_CAT_23	GTGCGCTAGT
33	CAT_12_03_CAT_55	TGTGCTCGCA
34	CAT_13_01_CAT_71	GATGCGAGCT
35	CAT_13_02_CAT_27	CTGTACGTGA
36	CAT_13_03_CAT_37	GCGATGATGA
37	CAT_15_01_CAT_60	TGTCGAGTCA
38	CAT_15_02_CAT_24	GTCTACTGTC
39	CAT_15_03_CAT_35	CAGTCAGAGT
40	CAT_16_01_CAT_101	CGCAGTCTAT
41	CAT_17_01_CAT_42	GTATGAGCAC
42	CAT_17_02_CAT_59	CGAGTGCTGT
43	CAT_17_03_CAT_33	TATAGCACGC
44	CAT_18_01_CAT_98	TCATGCGCGA
45	CAT_20_01_CAT_108	TATGCGCTGC
46	CAT_20_03_CAT_88	TCTCTGTGCA
47	CAT_21_03_CAT_62	CTATCGCGTG
48	CAT_23_01_CAT_74	TACGCTGCTG
49	CAT_22_01_CAT_46	TGCTACATCA
50	CAT_22_02_CAT_36	AGTGTGTCTA
51	CAT_22_03_CAT_80	TCATATCGCG
52	CAT_24_01_CAT_41	TACGTATAGC
53	CAT_24_02_CAT_56	CAGCTATAGC
54	CAT_24_03_CAT_92	TCGATGCGCT
55	CAT_25_02_CAT_82	GCACGCGTAT
56	CAT_25_03_CAT_20	GCAGTATGCG
57	CAT_26_01_CAT_15	TGATAGAGAG
58	CAT_26_02_CAT_90	GCTACTAGCG
59	CAT_26_03_CAT_85	TGCGAGACGT
60	CAT_27_01_CAT_31	CGATGACAGA
61	CAT_27_02_CAT_93	GACTCATGCT
62	CAT_27_03_CAT_48	GTCTGATACG
63	CAT_28_01_CAT_30	ACTAGCTGTC
64	CAT_28_02_CAT_89	GCGTAGACGA
65	CAT_28_03_CAT_78	CTCAGCAGTG
66	CAT_30_01_CAT_63	CAGTCTACAT
67	CAT_30_02_CAT_58	TACTGCAGCG
68	CAT_30_03_CAT_32	TACACAGTAG
69	CAT_31_01_CAT_43	CACATACAGT
70	CAT_31_02_CAT_65	CACAGTGATG
71	CAT_31_03_CAT_6	CGAGCTAGCA
72	CAT_32_01_CAT_100	GAGACTATGC
73	CAT_33_01_CAT_81	CAGAGCTAGT
74	CAT_33_02_CAT_34	CGCAGAGCAT
75	CAT_34_01_CAT_94	TGTACAGCGA
76	CAT_34_02_CAT_44	ACGTCAGTAT
77	CAT_34_03_CAT_45	TCACAGCATA
78	CAT_35_01_CAT_99	ACTGCGTGTC
79	CAT_36_02_CAT_5	CGATCGACTG
80	CAT_36_03_CAT_2	GCGAGATGTA
81	CAT_37_01_CAT_77	CTGATGCAGA
82	CAT_37_02_CAT_17	GTGACGTACG
83	CAT_39_01_CAT_16	CGACGCTGAT
84	CAT_39_02_CAT_69	CTACGATCAG
85	CAT_39_03_CAT_87	GCACTAGACA
86	CAT_41_01_CAT_95	CTAGCAGATG
87	CAT_41_02_CAT_19	CATGATACGC
88	CAT_41_03_CAT_1	GCAGCTGTCA
89	CAT_43_01_CAT_105	ACGTATCATC
90	CAT_44_01_CAT_7	AGTATCGTAC
91	CAT_44_02_CAT_29	GATACACTGA
92	CAT_44_03_CAT_11	GACTAGTCAG
93	CAT_45_01_CAT_102	GATGACTACG
94	CAT_45_02_CAT_106	CAGAGAGTCA
95	CAT_54_01_CAT_9	TCGATCGACA
96	CAT_54_03_CAT_49	ACTGATGTAG
97	CAT_48_01_CAT_8	CTAAGTCATG
98	CAT_48_02_CAT_54	TTGCAGATCA
99	CAT_48_03_CAT_12	CTGCGAATGT
100	CAT_49_01_CAT_3	CTGTTCTAGC
101	CAT_49_02_CAT_64	CACTTGTGTG
102	CAT_49_03_CAT_4	TGGATGACAT
103	CAT_51_01_CAT_103	GATCCTGAGC
104	CAT_53_01_CAT_10	GTCGGTCTGA
105	CAT_53_02_CAT_38	TGTTACGATC
106	CAT_53_03_CAT_50	GTCTTGGCTC
107	water	GGTCGTGCAT
